yearID,teamID,Batting Average
2018,ARI,0.11115778760955865
2019,ARI,0.13532373900242262
2020,ARI,0.09391503871861281
2021,ARI,0.13148370182451127
2022,ARI,0.09506012856537903
